candidato,promedio
federico_gutierrez,26.019634836082542
gustavo_petro,42.34900377044995
ingrid_betancourt,1.0605368565896023
rodolfo_hernandez,15.646197540142026
sergio_fajardo,6.818700516960228
