"","Decidido","Indeciso"
"1",81.7021389775463,18.2978610224537
