"","Decidido","Indeciso"
"1",81.1218993224705,18.8781006775295
