"","Decidido","Indeciso"
"1",83.7644539995135,16.2355460004865
