"","Decidido","Indeciso"
"1",85.5231020009871,14.4768979990129
