"","Decidido","Indeciso"
"1",90.0930479913704,9.90695200862956
